{"cameraMode":{"drawMode":0,"name":"Shaded","section":"Shading Mode"},"sceneLighting":true,"audioPlay":false,"sceneViewState":{"m_AlwaysRefresh":false,"showFog":true,"showSkybox":true,"showFlares":true,"showImageEffects":true,"showParticleSystems":true,"showVisualEffectGraphs":true,"m_FxEnabled":true},"in2DMode":false,"pivot":{"x":-1.2742832899093629,"y":3.9653799533843996,"z":3.3645663261413576},"rotation":{"x":-0.07977388799190521,"y":0.11609958112239838,"z":-0.009313898161053658,"w":-0.9900363087654114},"size":6.3023176193237309,"orthographic":false}